chrom,pos,ref,alt,interpretation,phenotype
12,121416289,A,C,Monogenic Diabetes VCEP,MONOGENIC DIABETES
12,121416572,A,C,Monogenic Diabetes VCEP,MONOGENIC DIABETES
12,121416572,A,G,Monogenic Diabetes VCEP,MONOGENIC DIABETES
12,121416572,A,T,Monogenic Diabetes VCEP,MONOGENIC DIABETES
12,121416573,T,C,Monogenic Diabetes VCEP,MONOGENIC DIABETES
12,121416587,A,T,Monogenic Diabetes VCEP,MONOGENIC DIABETES
12,121416588,G,A,Monogenic Diabetes VCEP,MONOGENIC DIABETES
12,121416590,C,T,Monogenic Diabetes VCEP,MONOGENIC DIABETES
12,121416596,C,T,Monogenic Diabetes VCEP,MONOGENIC DIABETES
12,121416599,A,C,Monogenic Diabetes VCEP,MONOGENIC DIABETES
12,121416605,C,G,Monogenic Diabetes VCEP,MONOGENIC DIABETES
12,121416605,C,T,Monogenic Diabetes VCEP,MONOGENIC DIABETES
12,121416606,T,G,Monogenic Diabetes VCEP,MONOGENIC DIABETES
12,121416629,G,C,Monogenic Diabetes VCEP,MONOGENIC DIABETES
12,121416629,G,A,Monogenic Diabetes VCEP,MONOGENIC DIABETES
12,121416630,G,C,Monogenic Diabetes VCEP,MONOGENIC DIABETES
12,121416630,G,A,Monogenic Diabetes VCEP,MONOGENIC DIABETES
12,121416648,T,C,Monogenic Diabetes VCEP,MONOGENIC DIABETES
12,121416653,C,T,Monogenic Diabetes VCEP,MONOGENIC DIABETES
12,121416665,G,T,Monogenic Diabetes VCEP,MONOGENIC DIABETES
12,121416669,C,T,Monogenic Diabetes VCEP,MONOGENIC DIABETES
12,121416692,G,T,Monogenic Diabetes VCEP,MONOGENIC DIABETES
12,121416731,C,T,Monogenic Diabetes VCEP,MONOGENIC DIABETES
12,121416788,G,T,Monogenic Diabetes VCEP,MONOGENIC DIABETES
12,121416830,A,T,Monogenic Diabetes VCEP,MONOGENIC DIABETES
12,121416890,C,A,Monogenic Diabetes VCEP,MONOGENIC DIABETES
12,121416890,C,G,Monogenic Diabetes VCEP,MONOGENIC DIABETES
12,121416891,T,G,Monogenic Diabetes VCEP,MONOGENIC DIABETES
12,121416891,T,C,Monogenic Diabetes VCEP,MONOGENIC DIABETES
12,121416898,G,C,Monogenic Diabetes VCEP,MONOGENIC DIABETES
12,121416898,G,T,Monogenic Diabetes VCEP,MONOGENIC DIABETES
12,121416898,G,A,Monogenic Diabetes VCEP,MONOGENIC DIABETES
12,121416899,T,G,Monogenic Diabetes VCEP,MONOGENIC DIABETES
12,121426634,A,T,Monogenic Diabetes VCEP,MONOGENIC DIABETES
12,121426635,G,T,Monogenic Diabetes VCEP,MONOGENIC DIABETES
12,121426635,G,A,Monogenic Diabetes VCEP,MONOGENIC DIABETES
12,121426644,C,T,Monogenic Diabetes VCEP,MONOGENIC DIABETES
12,121426648,G,A,Monogenic Diabetes VCEP,MONOGENIC DIABETES
12,121426652,G,T,Monogenic Diabetes VCEP,MONOGENIC DIABETES
12,121426655,G,A,Monogenic Diabetes VCEP,MONOGENIC DIABETES
12,121426656,C,T,Monogenic Diabetes VCEP,MONOGENIC DIABETES
12,121426667,A,G,Monogenic Diabetes VCEP,MONOGENIC DIABETES
12,121426669,G,C,Monogenic Diabetes VCEP,MONOGENIC DIABETES
12,121426674,A,G,Monogenic Diabetes VCEP,MONOGENIC DIABETES
12,121426676,C,G,Monogenic Diabetes VCEP,MONOGENIC DIABETES
12,121426679,C,T,Monogenic Diabetes VCEP,MONOGENIC DIABETES
12,121426697,C,T,Monogenic Diabetes VCEP,MONOGENIC DIABETES
12,121426697,C,G,Monogenic Diabetes VCEP,MONOGENIC DIABETES
12,121426699,G,T,Monogenic Diabetes VCEP,MONOGENIC DIABETES
12,121426700,C,T,Monogenic Diabetes VCEP,MONOGENIC DIABETES
12,121426701,G,T,Monogenic Diabetes VCEP,MONOGENIC DIABETES
12,121426701,G,A,Monogenic Diabetes VCEP,MONOGENIC DIABETES
12,121426703,G,A,Monogenic Diabetes VCEP,MONOGENIC DIABETES
12,121426704,A,T,Monogenic Diabetes VCEP,MONOGENIC DIABETES
12,121426706,G,A,Monogenic Diabetes VCEP,MONOGENIC DIABETES
12,121426724,C,G,Monogenic Diabetes VCEP,MONOGENIC DIABETES
12,121426724,C,T,Monogenic Diabetes VCEP,MONOGENIC DIABETES
12,121426725,T,C,Monogenic Diabetes VCEP,MONOGENIC DIABETES
12,121426734,C,T,Monogenic Diabetes VCEP,MONOGENIC DIABETES
12,121426736,C,T,Monogenic Diabetes VCEP,MONOGENIC DIABETES
12,121426738,C,G,Monogenic Diabetes VCEP,MONOGENIC DIABETES
12,121426743,C,T,Monogenic Diabetes VCEP,MONOGENIC DIABETES
12,121426769,A,G,Monogenic Diabetes VCEP,MONOGENIC DIABETES
12,121426770,T,C,Monogenic Diabetes VCEP,MONOGENIC DIABETES
12,121426781,A,G,Monogenic Diabetes VCEP,MONOGENIC DIABETES
12,121426781,A,T,Monogenic Diabetes VCEP,MONOGENIC DIABETES
12,121426784,C,T,Monogenic Diabetes VCEP,MONOGENIC DIABETES
12,121426784,C,G,Monogenic Diabetes VCEP,MONOGENIC DIABETES
12,121426785,G,A,Monogenic Diabetes VCEP,MONOGENIC DIABETES
12,121426803,G,A,Monogenic Diabetes VCEP,MONOGENIC DIABETES
12,121426807,C,A,Monogenic Diabetes VCEP,MONOGENIC DIABETES
12,121426807,C,G,Monogenic Diabetes VCEP,MONOGENIC DIABETES
12,121426820,C,T,Monogenic Diabetes VCEP,MONOGENIC DIABETES
12,121426820,C,G,Monogenic Diabetes VCEP,MONOGENIC DIABETES
12,121426826,G,A,Monogenic Diabetes VCEP,MONOGENIC DIABETES
12,121426835,C,T,Monogenic Diabetes VCEP,MONOGENIC DIABETES
12,121426836,G,A,Monogenic Diabetes VCEP,MONOGENIC DIABETES
12,121426836,G,C,Monogenic Diabetes VCEP,MONOGENIC DIABETES
12,121426836,G,T,Monogenic Diabetes VCEP,MONOGENIC DIABETES
12,121431322,G,A,Monogenic Diabetes VCEP,MONOGENIC DIABETES
12,121431394,C,T,Monogenic Diabetes VCEP,MONOGENIC DIABETES
12,121431395,G,A,Monogenic Diabetes VCEP,MONOGENIC DIABETES
12,121431403,C,A,Monogenic Diabetes VCEP,MONOGENIC DIABETES
12,121431403,C,T,Monogenic Diabetes VCEP,MONOGENIC DIABETES
12,121431404,G,A,Monogenic Diabetes VCEP,MONOGENIC DIABETES
12,121431415,G,T,Monogenic Diabetes VCEP,MONOGENIC DIABETES
12,121431416,G,A,Monogenic Diabetes VCEP,MONOGENIC DIABETES
12,121431422,C,A,Monogenic Diabetes VCEP,MONOGENIC DIABETES
12,121431433,A,T,Monogenic Diabetes VCEP,MONOGENIC DIABETES
12,121431442,C,T,Monogenic Diabetes VCEP,MONOGENIC DIABETES
12,121431449,A,G,Monogenic Diabetes VCEP,MONOGENIC DIABETES
12,121431466,C,T,Monogenic Diabetes VCEP,MONOGENIC DIABETES
12,121431472,A,G,Monogenic Diabetes VCEP,MONOGENIC DIABETES
12,121431481,C,T,Monogenic Diabetes VCEP,MONOGENIC DIABETES
12,121431481,C,G,Monogenic Diabetes VCEP,MONOGENIC DIABETES
12,121431482,G,A,Monogenic Diabetes VCEP,MONOGENIC DIABETES
12,121431482,G,C,Monogenic Diabetes VCEP,MONOGENIC DIABETES
12,121431490,C,G,Monogenic Diabetes VCEP,MONOGENIC DIABETES
12,121431491,T,C,Monogenic Diabetes VCEP,MONOGENIC DIABETES
12,121431493,G,C,Monogenic Diabetes VCEP,MONOGENIC DIABETES
12,121431493,G,T,Monogenic Diabetes VCEP,MONOGENIC DIABETES
12,121431496,G,T,Monogenic Diabetes VCEP,MONOGENIC DIABETES
12,121431505,A,C,Monogenic Diabetes VCEP,MONOGENIC DIABETES
12,121431505,A,G,Monogenic Diabetes VCEP,MONOGENIC DIABETES
12,121431506,A,G,Monogenic Diabetes VCEP,MONOGENIC DIABETES
12,121431968,G,A,Monogenic Diabetes VCEP,MONOGENIC DIABETES
12,121431974,T,G,Monogenic Diabetes VCEP,MONOGENIC DIABETES
12,121431974,T,C,Monogenic Diabetes VCEP,MONOGENIC DIABETES
12,121431989,G,T,Monogenic Diabetes VCEP,MONOGENIC DIABETES
12,121431990,T,G,Monogenic Diabetes VCEP,MONOGENIC DIABETES
12,121432001,C,T,Monogenic Diabetes VCEP,MONOGENIC DIABETES
12,121432022,A,C,Monogenic Diabetes VCEP,MONOGENIC DIABETES
12,121432023,A,C,Monogenic Diabetes VCEP,MONOGENIC DIABETES
12,121432032,C,T,Monogenic Diabetes VCEP,MONOGENIC DIABETES
12,121432032,C,A,Monogenic Diabetes VCEP,MONOGENIC DIABETES
12,121432034,G,A,Monogenic Diabetes VCEP,MONOGENIC DIABETES
12,121432040,C,T,Monogenic Diabetes VCEP,MONOGENIC DIABETES
12,121432041,G,A,Monogenic Diabetes VCEP,MONOGENIC DIABETES
12,121432041,G,T,Monogenic Diabetes VCEP,MONOGENIC DIABETES
12,121432043,G,T,Monogenic Diabetes VCEP,MONOGENIC DIABETES
12,121432055,T,A,Monogenic Diabetes VCEP,MONOGENIC DIABETES
12,121432055,T,C,Monogenic Diabetes VCEP,MONOGENIC DIABETES
12,121432056,T,C,Monogenic Diabetes VCEP,MONOGENIC DIABETES
12,121432064,C,G,Monogenic Diabetes VCEP,MONOGENIC DIABETES
12,121432064,C,T,Monogenic Diabetes VCEP,MONOGENIC DIABETES
12,121432065,G,A,Monogenic Diabetes VCEP,MONOGENIC DIABETES
12,121432067,C,T,Monogenic Diabetes VCEP,MONOGENIC DIABETES
12,121432067,C,A,Monogenic Diabetes VCEP,MONOGENIC DIABETES
12,121432068,G,A,Monogenic Diabetes VCEP,MONOGENIC DIABETES
12,121434063,A,G,Monogenic Diabetes VCEP,MONOGENIC DIABETES
12,121434064,G,A,Monogenic Diabetes VCEP,MONOGENIC DIABETES
12,121434064,G,T,Monogenic Diabetes VCEP,MONOGENIC DIABETES
12,121434064,G,C,Monogenic Diabetes VCEP,MONOGENIC DIABETES
12,121434372,C,G,Monogenic Diabetes VCEP,MONOGENIC DIABETES
12,121435307,C,T,Monogenic Diabetes VCEP,MONOGENIC DIABETES
12,121435456,C,T,Monogenic Diabetes VCEP,MONOGENIC DIABETES
12,121435469,G,A,Monogenic Diabetes VCEP,MONOGENIC DIABETES
12,121435469,G,T,Monogenic Diabetes VCEP,MONOGENIC DIABETES
12,121437125,C,T,Monogenic Diabetes VCEP,MONOGENIC DIABETES
12,121437193,G,A,Monogenic Diabetes VCEP,MONOGENIC DIABETES
12,121437194,T,C,Monogenic Diabetes VCEP,MONOGENIC DIABETES
12,121437285,G,A,Monogenic Diabetes VCEP,MONOGENIC DIABETES
12,121437431,G,A,Monogenic Diabetes VCEP,MONOGENIC DIABETES
12,121437431,G,T,Monogenic Diabetes VCEP,MONOGENIC DIABETES
12,121437431,G,C,Monogenic Diabetes VCEP,MONOGENIC DIABETES
12,121438880,G,T,Monogenic Diabetes VCEP,MONOGENIC DIABETES
20,42984264,G,A,Monogenic Diabetes VCEP,MONOGENIC DIABETES
20,42984445,A,G,Monogenic Diabetes VCEP,MONOGENIC DIABETES
20,42984446,T,C,Monogenic Diabetes VCEP,MONOGENIC DIABETES
20,42984446,T,A,Monogenic Diabetes VCEP,MONOGENIC DIABETES
20,42984447,G,A,Monogenic Diabetes VCEP,MONOGENIC DIABETES
20,42984492,C,G,Monogenic Diabetes VCEP,MONOGENIC DIABETES
20,43034710,C,A,Monogenic Diabetes VCEP,MONOGENIC DIABETES
20,43034772,G,A,Monogenic Diabetes VCEP,MONOGENIC DIABETES
20,43034773,G,T,Monogenic Diabetes VCEP,MONOGENIC DIABETES
20,43034835,C,T,Monogenic Diabetes VCEP,MONOGENIC DIABETES
20,43034836,G,A,Monogenic Diabetes VCEP,MONOGENIC DIABETES
20,43034847,C,T,Monogenic Diabetes VCEP,MONOGENIC DIABETES
20,43034848,G,A,Monogenic Diabetes VCEP,MONOGENIC DIABETES
20,43034869,G,A,Monogenic Diabetes VCEP,MONOGENIC DIABETES
20,43034874,T,C,Monogenic Diabetes VCEP,MONOGENIC DIABETES
20,43036000,A,G,Monogenic Diabetes VCEP,MONOGENIC DIABETES
20,43036066,C,G,Monogenic Diabetes VCEP,MONOGENIC DIABETES
20,43036074,G,A,Monogenic Diabetes VCEP,MONOGENIC DIABETES
20,43036074,G,C,Monogenic Diabetes VCEP,MONOGENIC DIABETES
20,43036100,G,A,Monogenic Diabetes VCEP,MONOGENIC DIABETES
20,43036105,G,A,Monogenic Diabetes VCEP,MONOGENIC DIABETES
20,43042334,C,A,Monogenic Diabetes VCEP,MONOGENIC DIABETES
20,43042336,G,A,Monogenic Diabetes VCEP,MONOGENIC DIABETES
20,43042345,G,T,Monogenic Diabetes VCEP,MONOGENIC DIABETES
20,43042348,C,T,Monogenic Diabetes VCEP,MONOGENIC DIABETES
20,43042349,G,A,Monogenic Diabetes VCEP,MONOGENIC DIABETES
20,43042354,C,T,Monogenic Diabetes VCEP,MONOGENIC DIABETES
20,43042366,C,T,Monogenic Diabetes VCEP,MONOGENIC DIABETES
20,43042417,C,T,Monogenic Diabetes VCEP,MONOGENIC DIABETES
20,43042435,C,T,Monogenic Diabetes VCEP,MONOGENIC DIABETES
20,43043145,A,G,Monogenic Diabetes VCEP,MONOGENIC DIABETES
20,43043146,G,A,Monogenic Diabetes VCEP,MONOGENIC DIABETES
20,43043218,T,A,Monogenic Diabetes VCEP,MONOGENIC DIABETES
20,43043234,C,T,Monogenic Diabetes VCEP,MONOGENIC DIABETES
20,43043273,G,A,Monogenic Diabetes VCEP,MONOGENIC DIABETES
20,43043297,G,T,Monogenic Diabetes VCEP,MONOGENIC DIABETES
20,43043303,G,C,Monogenic Diabetes VCEP,MONOGENIC DIABETES
20,43043303,G,A,Monogenic Diabetes VCEP,MONOGENIC DIABETES
20,43047064,G,A,Monogenic Diabetes VCEP,MONOGENIC DIABETES
20,43048381,C,T,Monogenic Diabetes VCEP,MONOGENIC DIABETES
20,43048382,G,A,Monogenic Diabetes VCEP,MONOGENIC DIABETES
20,43048423,C,T,Monogenic Diabetes VCEP,MONOGENIC DIABETES
20,43048423,C,G,Monogenic Diabetes VCEP,MONOGENIC DIABETES
20,43048424,G,A,Monogenic Diabetes VCEP,MONOGENIC DIABETES
20,43048424,G,C,Monogenic Diabetes VCEP,MONOGENIC DIABETES
20,43048430,T,C,Monogenic Diabetes VCEP,MONOGENIC DIABETES
20,43048435,G,T,Monogenic Diabetes VCEP,MONOGENIC DIABETES
20,43048453,C,T,Monogenic Diabetes VCEP,MONOGENIC DIABETES
20,43048477,G,C,Monogenic Diabetes VCEP,MONOGENIC DIABETES
20,43052699,C,T,Monogenic Diabetes VCEP,MONOGENIC DIABETES
20,43052700,G,A,Monogenic Diabetes VCEP,MONOGENIC DIABETES
20,43052700,G,C,Monogenic Diabetes VCEP,MONOGENIC DIABETES
20,43052700,G,T,Monogenic Diabetes VCEP,MONOGENIC DIABETES
20,43052732,A,T,Monogenic Diabetes VCEP,MONOGENIC DIABETES
20,43052756,C,T,Monogenic Diabetes VCEP,MONOGENIC DIABETES
20,43052757,G,T,Monogenic Diabetes VCEP,MONOGENIC DIABETES
20,43052757,G,A,Monogenic Diabetes VCEP,MONOGENIC DIABETES
20,43052762,C,T,Monogenic Diabetes VCEP,MONOGENIC DIABETES
20,43052763,G,T,Monogenic Diabetes VCEP,MONOGENIC DIABETES
20,43052763,G,A,Monogenic Diabetes VCEP,MONOGENIC DIABETES
20,43052769,G,T,Monogenic Diabetes VCEP,MONOGENIC DIABETES
20,43052787,T,C,Monogenic Diabetes VCEP,MONOGENIC DIABETES
20,43052808,C,T,Monogenic Diabetes VCEP,MONOGENIC DIABETES
20,43052812,G,A,Monogenic Diabetes VCEP,MONOGENIC DIABETES
20,43052825,C,T,Monogenic Diabetes VCEP,MONOGENIC DIABETES
20,43052831,C,T,Monogenic Diabetes VCEP,MONOGENIC DIABETES
20,43052864,G,C,Monogenic Diabetes VCEP,MONOGENIC DIABETES
20,43052864,G,T,Monogenic Diabetes VCEP,MONOGENIC DIABETES
20,43052876,C,T,Monogenic Diabetes VCEP,MONOGENIC DIABETES
20,43052883,T,G,Monogenic Diabetes VCEP,MONOGENIC DIABETES
20,43052894,G,C,Monogenic Diabetes VCEP,MONOGENIC DIABETES
20,43058202,C,G,Monogenic Diabetes VCEP,MONOGENIC DIABETES
7,44184735,T,C,Monogenic Diabetes VCEP,MONOGENIC DIABETES
7,44184735,T,A,Monogenic Diabetes VCEP,MONOGENIC DIABETES
7,44184737,A,G,Monogenic Diabetes VCEP,MONOGENIC DIABETES
7,44184772,G,T,Monogenic Diabetes VCEP,MONOGENIC DIABETES
7,44184772,G,A,Monogenic Diabetes VCEP,MONOGENIC DIABETES
7,44184775,G,T,Monogenic Diabetes VCEP,MONOGENIC DIABETES
7,44184788,C,T,Monogenic Diabetes VCEP,MONOGENIC DIABETES
7,44184788,C,A,Monogenic Diabetes VCEP,MONOGENIC DIABETES
7,44184806,C,A,Monogenic Diabetes VCEP,MONOGENIC DIABETES
7,44184811,G,C,Monogenic Diabetes VCEP,MONOGENIC DIABETES
7,44184811,G,T,Monogenic Diabetes VCEP,MONOGENIC DIABETES
7,44184815,C,A,Monogenic Diabetes VCEP,MONOGENIC DIABETES
7,44184823,G,A,Monogenic Diabetes VCEP,MONOGENIC DIABETES
7,44184826,A,T,Monogenic Diabetes VCEP,MONOGENIC DIABETES
7,44184827,T,A,Monogenic Diabetes VCEP,MONOGENIC DIABETES
7,44184831,G,T,Monogenic Diabetes VCEP,MONOGENIC DIABETES
7,44184863,G,A,Monogenic Diabetes VCEP,MONOGENIC DIABETES
7,44184865,A,T,Monogenic Diabetes VCEP,MONOGENIC DIABETES
7,44184877,A,G,Monogenic Diabetes VCEP,MONOGENIC DIABETES
7,44184880,C,A,Monogenic Diabetes VCEP,MONOGENIC DIABETES
7,44184880,C,G,Monogenic Diabetes VCEP,MONOGENIC DIABETES
7,44184881,T,C,Monogenic Diabetes VCEP,MONOGENIC DIABETES
7,44185109,T,C,Monogenic Diabetes VCEP,MONOGENIC DIABETES
7,44185109,T,A,Monogenic Diabetes VCEP,MONOGENIC DIABETES
7,44185114,A,T,Monogenic Diabetes VCEP,MONOGENIC DIABETES
7,44185114,A,G,Monogenic Diabetes VCEP,MONOGENIC DIABETES
7,44185114,A,C,Monogenic Diabetes VCEP,MONOGENIC DIABETES
7,44185115,C,T,Monogenic Diabetes VCEP,MONOGENIC DIABETES
7,44185120,C,T,Monogenic Diabetes VCEP,MONOGENIC DIABETES
7,44185121,C,T,Monogenic Diabetes VCEP,MONOGENIC DIABETES
7,44185121,C,G,Monogenic Diabetes VCEP,MONOGENIC DIABETES
7,44185121,C,A,Monogenic Diabetes VCEP,MONOGENIC DIABETES
7,44185159,C,A,Monogenic Diabetes VCEP,MONOGENIC DIABETES
7,44185160,G,C,Monogenic Diabetes VCEP,MONOGENIC DIABETES
7,44185160,G,A,Monogenic Diabetes VCEP,MONOGENIC DIABETES
7,44185174,C,G,Monogenic Diabetes VCEP,MONOGENIC DIABETES
7,44185174,C,A,Monogenic Diabetes VCEP,MONOGENIC DIABETES
7,44185175,G,A,Monogenic Diabetes VCEP,MONOGENIC DIABETES
7,44185175,G,T,Monogenic Diabetes VCEP,MONOGENIC DIABETES
7,44185183,A,T,Monogenic Diabetes VCEP,MONOGENIC DIABETES
7,44185186,C,T,Monogenic Diabetes VCEP,MONOGENIC DIABETES
7,44185189,G,T,Monogenic Diabetes VCEP,MONOGENIC DIABETES
7,44185190,C,T,Monogenic Diabetes VCEP,MONOGENIC DIABETES
7,44185192,A,G,Monogenic Diabetes VCEP,MONOGENIC DIABETES
7,44185192,A,C,Monogenic Diabetes VCEP,MONOGENIC DIABETES
7,44185193,G,C,Monogenic Diabetes VCEP,MONOGENIC DIABETES
7,44185201,G,A,Monogenic Diabetes VCEP,MONOGENIC DIABETES
7,44185201,G,C,Monogenic Diabetes VCEP,MONOGENIC DIABETES
7,44185201,G,T,Monogenic Diabetes VCEP,MONOGENIC DIABETES
7,44185202,A,T,Monogenic Diabetes VCEP,MONOGENIC DIABETES
7,44185202,A,G,Monogenic Diabetes VCEP,MONOGENIC DIABETES
7,44185203,G,T,Monogenic Diabetes VCEP,MONOGENIC DIABETES
7,44185204,C,T,Monogenic Diabetes VCEP,MONOGENIC DIABETES
7,44185205,A,G,Monogenic Diabetes VCEP,MONOGENIC DIABETES
7,44185205,A,C,Monogenic Diabetes VCEP,MONOGENIC DIABETES
7,44185207,A,C,Monogenic Diabetes VCEP,MONOGENIC DIABETES
7,44185207,A,G,Monogenic Diabetes VCEP,MONOGENIC DIABETES
7,44185207,A,T,Monogenic Diabetes VCEP,MONOGENIC DIABETES
7,44185210,T,G,Monogenic Diabetes VCEP,MONOGENIC DIABETES
7,44185213,G,T,Monogenic Diabetes VCEP,MONOGENIC DIABETES
7,44185213,G,C,Monogenic Diabetes VCEP,MONOGENIC DIABETES
7,44185213,G,A,Monogenic Diabetes VCEP,MONOGENIC DIABETES
7,44185216,G,A,Monogenic Diabetes VCEP,MONOGENIC DIABETES
7,44185216,G,C,Monogenic Diabetes VCEP,MONOGENIC DIABETES
7,44185217,C,T,Monogenic Diabetes VCEP,MONOGENIC DIABETES
7,44185217,C,G,Monogenic Diabetes VCEP,MONOGENIC DIABETES
7,44185219,C,T,Monogenic Diabetes VCEP,MONOGENIC DIABETES
7,44185219,C,A,Monogenic Diabetes VCEP,MONOGENIC DIABETES
7,44185220,G,A,Monogenic Diabetes VCEP,MONOGENIC DIABETES
7,44185220,G,T,Monogenic Diabetes VCEP,MONOGENIC DIABETES
7,44185225,G,A,Monogenic Diabetes VCEP,MONOGENIC DIABETES
7,44185228,A,T,Monogenic Diabetes VCEP,MONOGENIC DIABETES
7,44185229,C,T,Monogenic Diabetes VCEP,MONOGENIC DIABETES
7,44185235,C,A,Monogenic Diabetes VCEP,MONOGENIC DIABETES
7,44185236,G,C,Monogenic Diabetes VCEP,MONOGENIC DIABETES
7,44185236,G,T,Monogenic Diabetes VCEP,MONOGENIC DIABETES
7,44185237,C,T,Monogenic Diabetes VCEP,MONOGENIC DIABETES
7,44185237,C,A,Monogenic Diabetes VCEP,MONOGENIC DIABETES
7,44185238,A,G,Monogenic Diabetes VCEP,MONOGENIC DIABETES
7,44185250,C,T,Monogenic Diabetes VCEP,MONOGENIC DIABETES
7,44185261,T,C,Monogenic Diabetes VCEP,MONOGENIC DIABETES
7,44185262,C,T,Monogenic Diabetes VCEP,MONOGENIC DIABETES
7,44185307,T,A,Monogenic Diabetes VCEP,MONOGENIC DIABETES
7,44185319,C,A,Monogenic Diabetes VCEP,MONOGENIC DIABETES
7,44185330,C,T,Monogenic Diabetes VCEP,MONOGENIC DIABETES
7,44185330,C,G,Monogenic Diabetes VCEP,MONOGENIC DIABETES
7,44185339,G,T,Monogenic Diabetes VCEP,MONOGENIC DIABETES
7,44186057,C,T,Monogenic Diabetes VCEP,MONOGENIC DIABETES
7,44186060,A,C,Monogenic Diabetes VCEP,MONOGENIC DIABETES
7,44186061,C,T,Monogenic Diabetes VCEP,MONOGENIC DIABETES
7,44186061,C,A,Monogenic Diabetes VCEP,MONOGENIC DIABETES
7,44186065,T,C,Monogenic Diabetes VCEP,MONOGENIC DIABETES
7,44186066,C,T,Monogenic Diabetes VCEP,MONOGENIC DIABETES
7,44186071,T,G,Monogenic Diabetes VCEP,MONOGENIC DIABETES
7,44186105,T,G,Monogenic Diabetes VCEP,MONOGENIC DIABETES
7,44186129,C,T,Monogenic Diabetes VCEP,MONOGENIC DIABETES
7,44186170,A,G,Monogenic Diabetes VCEP,MONOGENIC DIABETES
7,44186183,C,G,Monogenic Diabetes VCEP,MONOGENIC DIABETES
7,44186183,C,T,Monogenic Diabetes VCEP,MONOGENIC DIABETES
7,44186197,C,A,Monogenic Diabetes VCEP,MONOGENIC DIABETES
7,44186197,C,T,Monogenic Diabetes VCEP,MONOGENIC DIABETES
7,44186198,C,T,Monogenic Diabetes VCEP,MONOGENIC DIABETES
7,44186200,C,T,Monogenic Diabetes VCEP,MONOGENIC DIABETES
7,44187288,C,A,Monogenic Diabetes VCEP,MONOGENIC DIABETES
7,44187288,C,G,Monogenic Diabetes VCEP,MONOGENIC DIABETES
7,44187289,G,A,Monogenic Diabetes VCEP,MONOGENIC DIABETES
7,44187289,G,C,Monogenic Diabetes VCEP,MONOGENIC DIABETES
7,44187291,T,G,Monogenic Diabetes VCEP,MONOGENIC DIABETES
7,44187291,T,C,Monogenic Diabetes VCEP,MONOGENIC DIABETES
7,44187292,C,T,Monogenic Diabetes VCEP,MONOGENIC DIABETES
7,44187292,C,A,Monogenic Diabetes VCEP,MONOGENIC DIABETES
7,44187310,C,T,Monogenic Diabetes VCEP,MONOGENIC DIABETES
7,44187322,C,T,Monogenic Diabetes VCEP,MONOGENIC DIABETES
7,44187330,C,T,Monogenic Diabetes VCEP,MONOGENIC DIABETES
7,44187331,C,T,Monogenic Diabetes VCEP,MONOGENIC DIABETES
7,44187331,C,G,Monogenic Diabetes VCEP,MONOGENIC DIABETES
7,44187336,G,A,Monogenic Diabetes VCEP,MONOGENIC DIABETES
7,44187337,C,T,Monogenic Diabetes VCEP,MONOGENIC DIABETES
7,44187337,C,A,Monogenic Diabetes VCEP,MONOGENIC DIABETES
7,44187363,C,T,Monogenic Diabetes VCEP,MONOGENIC DIABETES
7,44187364,G,A,Monogenic Diabetes VCEP,MONOGENIC DIABETES
7,44187375,C,G,Monogenic Diabetes VCEP,MONOGENIC DIABETES
7,44187375,C,T,Monogenic Diabetes VCEP,MONOGENIC DIABETES
7,44187376,C,T,Monogenic Diabetes VCEP,MONOGENIC DIABETES
7,44187423,C,T,Monogenic Diabetes VCEP,MONOGENIC DIABETES
7,44187424,A,G,Monogenic Diabetes VCEP,MONOGENIC DIABETES
7,44187429,G,A,Monogenic Diabetes VCEP,MONOGENIC DIABETES
7,44187429,G,C,Monogenic Diabetes VCEP,MONOGENIC DIABETES
7,44187429,G,T,Monogenic Diabetes VCEP,MONOGENIC DIABETES
7,44187430,T,C,Monogenic Diabetes VCEP,MONOGENIC DIABETES
7,44187434,T,C,Monogenic Diabetes VCEP,MONOGENIC DIABETES
7,44189361,A,G,Monogenic Diabetes VCEP,MONOGENIC DIABETES
7,44189362,C,T,Monogenic Diabetes VCEP,MONOGENIC DIABETES
7,44189377,C,T,Monogenic Diabetes VCEP,MONOGENIC DIABETES
7,44189378,G,T,Monogenic Diabetes VCEP,MONOGENIC DIABETES
7,44189380,A,G,Monogenic Diabetes VCEP,MONOGENIC DIABETES
7,44189408,C,A,Monogenic Diabetes VCEP,MONOGENIC DIABETES
7,44189408,C,T,Monogenic Diabetes VCEP,MONOGENIC DIABETES
7,44189409,A,T,Monogenic Diabetes VCEP,MONOGENIC DIABETES
7,44189409,A,G,Monogenic Diabetes VCEP,MONOGENIC DIABETES
7,44189410,T,C,Monogenic Diabetes VCEP,MONOGENIC DIABETES
7,44189415,G,A,Monogenic Diabetes VCEP,MONOGENIC DIABETES
7,44189416,C,T,Monogenic Diabetes VCEP,MONOGENIC DIABETES
7,44189416,C,G,Monogenic Diabetes VCEP,MONOGENIC DIABETES
7,44189430,A,G,Monogenic Diabetes VCEP,MONOGENIC DIABETES
7,44189433,A,G,Monogenic Diabetes VCEP,MONOGENIC DIABETES
7,44189433,A,C,Monogenic Diabetes VCEP,MONOGENIC DIABETES
7,44189437,C,A,Monogenic Diabetes VCEP,MONOGENIC DIABETES
7,44189575,C,T,Monogenic Diabetes VCEP,MONOGENIC DIABETES
7,44189576,G,A,Monogenic Diabetes VCEP,MONOGENIC DIABETES
7,44189580,G,C,Monogenic Diabetes VCEP,MONOGENIC DIABETES
7,44189581,A,G,Monogenic Diabetes VCEP,MONOGENIC DIABETES
7,44189588,C,A,Monogenic Diabetes VCEP,MONOGENIC DIABETES
7,44189588,C,G,Monogenic Diabetes VCEP,MONOGENIC DIABETES
7,44189616,T,A,Monogenic Diabetes VCEP,MONOGENIC DIABETES
7,44189623,C,T,Monogenic Diabetes VCEP,MONOGENIC DIABETES
7,44189624,C,T,Monogenic Diabetes VCEP,MONOGENIC DIABETES
7,44189624,C,G,Monogenic Diabetes VCEP,MONOGENIC DIABETES
7,44189626,G,A,Monogenic Diabetes VCEP,MONOGENIC DIABETES
7,44189644,G,A,Monogenic Diabetes VCEP,MONOGENIC DIABETES
7,44189644,G,T,Monogenic Diabetes VCEP,MONOGENIC DIABETES
7,44189645,T,C,Monogenic Diabetes VCEP,MONOGENIC DIABETES
7,44189645,T,G,Monogenic Diabetes VCEP,MONOGENIC DIABETES
7,44190555,C,T,Monogenic Diabetes VCEP,MONOGENIC DIABETES
7,44190572,G,A,Monogenic Diabetes VCEP,MONOGENIC DIABETES
7,44190573,C,A,Monogenic Diabetes VCEP,MONOGENIC DIABETES
7,44190574,C,G,Monogenic Diabetes VCEP,MONOGENIC DIABETES
7,44190577,A,C,Monogenic Diabetes VCEP,MONOGENIC DIABETES
7,44190580,G,T,Monogenic Diabetes VCEP,MONOGENIC DIABETES
7,44190581,G,A,Monogenic Diabetes VCEP,MONOGENIC DIABETES
7,44190583,A,G,Monogenic Diabetes VCEP,MONOGENIC DIABETES
7,44190584,A,G,Monogenic Diabetes VCEP,MONOGENIC DIABETES
7,44190584,A,T,Monogenic Diabetes VCEP,MONOGENIC DIABETES
7,44190588,G,T,Monogenic Diabetes VCEP,MONOGENIC DIABETES
7,44190589,A,T,Monogenic Diabetes VCEP,MONOGENIC DIABETES
7,44190589,A,G,Monogenic Diabetes VCEP,MONOGENIC DIABETES
7,44190601,A,C,Monogenic Diabetes VCEP,MONOGENIC DIABETES
7,44190601,A,G,Monogenic Diabetes VCEP,MONOGENIC DIABETES
7,44190614,T,A,Monogenic Diabetes VCEP,MONOGENIC DIABETES
7,44190649,A,G,Monogenic Diabetes VCEP,MONOGENIC DIABETES
7,44190649,A,T,Monogenic Diabetes VCEP,MONOGENIC DIABETES
7,44190668,C,G,Monogenic Diabetes VCEP,MONOGENIC DIABETES
7,44190673,A,G,Monogenic Diabetes VCEP,MONOGENIC DIABETES
7,44190674,G,T,Monogenic Diabetes VCEP,MONOGENIC DIABETES
7,44190674,G,C,Monogenic Diabetes VCEP,MONOGENIC DIABETES
7,44190674,G,A,Monogenic Diabetes VCEP,MONOGENIC DIABETES
7,44191868,A,T,Monogenic Diabetes VCEP,MONOGENIC DIABETES
7,44191868,A,G,Monogenic Diabetes VCEP,MONOGENIC DIABETES
7,44191869,C,T,Monogenic Diabetes VCEP,MONOGENIC DIABETES
7,44191883,C,A,Monogenic Diabetes VCEP,MONOGENIC DIABETES
7,44191884,C,G,Monogenic Diabetes VCEP,MONOGENIC DIABETES
7,44191909,G,T,Monogenic Diabetes VCEP,MONOGENIC DIABETES
7,44191911,A,G,Monogenic Diabetes VCEP,MONOGENIC DIABETES
7,44191929,T,A,Monogenic Diabetes VCEP,MONOGENIC DIABETES
7,44191999,G,C,Monogenic Diabetes VCEP,MONOGENIC DIABETES
7,44192000,T,C,Monogenic Diabetes VCEP,MONOGENIC DIABETES
7,44192001,C,T,Monogenic Diabetes VCEP,MONOGENIC DIABETES
7,44192001,C,G,Monogenic Diabetes VCEP,MONOGENIC DIABETES
7,44192001,C,A,Monogenic Diabetes VCEP,MONOGENIC DIABETES
7,44192019,C,T,Monogenic Diabetes VCEP,MONOGENIC DIABETES
7,44192923,A,G,Monogenic Diabetes VCEP,MONOGENIC DIABETES
7,44192924,C,T,Monogenic Diabetes VCEP,MONOGENIC DIABETES
7,44192941,T,G,Monogenic Diabetes VCEP,MONOGENIC DIABETES
7,44192946,A,C,Monogenic Diabetes VCEP,MONOGENIC DIABETES
7,44192962,G,T,Monogenic Diabetes VCEP,MONOGENIC DIABETES
7,44192980,C,T,Monogenic Diabetes VCEP,MONOGENIC DIABETES
7,44192981,G,A,Monogenic Diabetes VCEP,MONOGENIC DIABETES
7,44192990,C,T,Monogenic Diabetes VCEP,MONOGENIC DIABETES
7,44192995,T,A,Monogenic Diabetes VCEP,MONOGENIC DIABETES
7,44192995,T,G,Monogenic Diabetes VCEP,MONOGENIC DIABETES
7,44192998,A,C,Monogenic Diabetes VCEP,MONOGENIC DIABETES
7,44192998,A,G,Monogenic Diabetes VCEP,MONOGENIC DIABETES
7,44192999,T,C,Monogenic Diabetes VCEP,MONOGENIC DIABETES
7,44193002,G,A,Monogenic Diabetes VCEP,MONOGENIC DIABETES
7,44193063,C,T,Monogenic Diabetes VCEP,MONOGENIC DIABETES
7,44193063,C,A,Monogenic Diabetes VCEP,MONOGENIC DIABETES
7,44193064,T,C,Monogenic Diabetes VCEP,MONOGENIC DIABETES
